[
    {
        "front": {
            "style": {

            },
            "content": [
                {
                    "type": "text",
                    "style": {
                        "backgroundColor": "green"
                    },
                    "content": "This is a test text."
                },
                {
                    "type": "image/file",
                    "style": {

                    },
                    "fileName": "example.png"
                }
            ]
        },
        "back": {
            "stye": {

            },
            "content": [
                {
                    "type": "image/web",
                    "style": {
                        
                    },
                    "url": "https://www.inovex.de/blog/wp-content/uploads/2018/03/react-native.png"
                },
                {
                    "type": "audio/file",
                    "autoPlay": false,
                    "buttonColor": "green",
                    "fileName": "example.mp3"
                }
            ]
        },
        "title": "The framework we used"
    }
]